"Origin_cont","Agriculture","Authorities-Stakeholders","Diverse","Environment","Fishery","Forestry","Health","Public and social welfare"
"AF",10652.1917549275,3338.0661444675,43912.7892271192,101.217311563333,147.10022446,1541.69178688667,36.4774456,267.997730650833
"AS",16949.9757380325,4943.45109468417,27780.5353432808,307.204621653333,67.057560255,3908.64127501167,2.72560689,273525.003532846
"EUR",13659.0048406708,6535.73022568333,4641.5237726775,102.28293284,146.298978355,8931.59051346167,13.59426158,1511.6443968525
"NAm",16593.4728530108,2159.59032392417,432.182621528333,55.950954355,124.2529973,25.895181285,1683.12744205,103.821179505
"OC",864.45140151,712.295442675833,24.3978271825,2185.41931192333,0.00039038,0,47.31289123,592.540259920833
"SA",10148.1504506183,2665.469539645,1745.98832590167,2.392948175,3.51262575,0.000181445,27.259019,3839.508779935
